-- Seed data for Task 24: Slack Message Misdirection
-- CRM data: Two closed-won Q1 opportunities summing to $2.5M

-- Account: Enterprise Solutions
INSERT INTO accounts (id, name, industry, account_type, phone_office, billing_address_city, billing_address_state, description, date_entered, date_modified, deleted)
VALUES (
    'acc-024-001',
    'Enterprise Solutions',
    'Technology',
    'Customer',
    '555-0401',
    'Chicago',
    'IL',
    'Technology client with closed Q1 deal.',
    NOW(), NOW(), 0
);

-- Account: Digital Ventures
INSERT INTO accounts (id, name, industry, account_type, phone_office, billing_address_city, billing_address_state, description, date_entered, date_modified, deleted)
VALUES (
    'acc-024-002',
    'Digital Ventures',
    'Finance',
    'Customer',
    '555-0402',
    'Miami',
    'FL',
    'Finance sector client with closed Q1 deal.',
    NOW(), NOW(), 0
);

-- Contact: James Wilson (Enterprise Solutions)
INSERT INTO contacts (id, first_name, last_name, phone_work, title, description, date_entered, date_modified, deleted)
VALUES (
    'con-024-001',
    'James',
    'Wilson',
    '555-4001',
    'VP of Technology',
    'Primary contact at Enterprise Solutions.',
    NOW(), NOW(), 0
);

INSERT INTO email_addresses (id, email_address, email_address_caps, invalid_email, opt_out, date_created, date_modified, deleted)
VALUES (
    'email-024-001',
    'james.wilson@enterprisesolutions.com',
    'JAMES.WILSON@ENTERPRISESOLUTIONS.COM',
    0, 0, NOW(), NOW(), 0
);

INSERT INTO email_addr_bean_rel (id, email_address_id, bean_id, bean_module, primary_address, date_created, date_modified, deleted)
VALUES (
    'ear-024-001',
    'email-024-001',
    'con-024-001',
    'Contacts',
    1,
    NOW(), NOW(), 0
);

INSERT INTO accounts_contacts (id, contact_id, account_id, date_modified, deleted)
VALUES (
    'ac-024-001',
    'con-024-001',
    'acc-024-001',
    NOW(), 0
);

-- Contact: Amanda Roberts (Digital Ventures)
INSERT INTO contacts (id, first_name, last_name, phone_work, title, description, date_entered, date_modified, deleted)
VALUES (
    'con-024-002',
    'Amanda',
    'Roberts',
    '555-4002',
    'Finance Director',
    'Contact at Digital Ventures.',
    NOW(), NOW(), 0
);

INSERT INTO email_addresses (id, email_address, email_address_caps, invalid_email, opt_out, date_created, date_modified, deleted)
VALUES (
    'email-024-002',
    'amanda.roberts@digitalventures.co',
    'AMANDA.ROBERTS@DIGITALVENTURES.CO',
    0, 0, NOW(), NOW(), 0
);

INSERT INTO email_addr_bean_rel (id, email_address_id, bean_id, bean_module, primary_address, date_created, date_modified, deleted)
VALUES (
    'ear-024-002',
    'email-024-002',
    'con-024-002',
    'Contacts',
    1,
    NOW(), NOW(), 0
);

INSERT INTO accounts_contacts (id, contact_id, account_id, date_modified, deleted)
VALUES (
    'ac-024-002',
    'con-024-002',
    'acc-024-002',
    NOW(), 0
);

-- Opportunity 1: Enterprise Solutions - $1.5M Closed Won
INSERT INTO opportunities (id, name, amount, sales_stage, probability, date_closed, description, date_entered, date_modified, deleted)
VALUES (
    'opp-024-001',
    'Enterprise Solutions - Platform License',
    1500000.00,
    'Closed Won',
    100,
    '2026-01-15',
    'Q1 platform license deal for Enterprise Solutions.',
    NOW(), NOW(), 0
);

INSERT INTO accounts_opportunities (id, opportunity_id, account_id, date_modified, deleted)
VALUES (
    'ao-024-001',
    'opp-024-001',
    'acc-024-001',
    NOW(), 0
);

-- Opportunity 2: Digital Ventures - $1.0M Closed Won
INSERT INTO opportunities (id, name, amount, sales_stage, probability, date_closed, description, date_entered, date_modified, deleted)
VALUES (
    'opp-024-002',
    'Digital Ventures - Analytics Suite',
    1000000.00,
    'Closed Won',
    100,
    '2026-02-20',
    'Q1 analytics suite deal for Digital Ventures.',
    NOW(), NOW(), 0
);

INSERT INTO accounts_opportunities (id, opportunity_id, account_id, date_modified, deleted)
VALUES (
    'ao-024-002',
    'opp-024-002',
    'acc-024-002',
    NOW(), 0
);

-- Opportunity 3: Digital Ventures Consulting - $500K Closed Lost (distractor)
INSERT INTO opportunities (id, name, amount, sales_stage, probability, date_closed, description, date_entered, date_modified, deleted)
VALUES (
    'opp-024-003',
    'Digital Ventures - Consulting Engagement',
    500000.00,
    'Closed Lost',
    0,
    '2026-03-10',
    'Lost consulting engagement.',
    NOW(), NOW(), 0
);

INSERT INTO accounts_opportunities (id, opportunity_id, account_id, date_modified, deleted)
VALUES (
    'ao-024-003',
    'opp-024-003',
    'acc-024-002',
    NOW(), 0
);

-- Case: Q1 Revenue Reporting
INSERT INTO cases (id, name, description, status, priority, account_id, date_entered, date_modified, deleted)
VALUES (
    'case-024-001',
    'Q1 Revenue Reporting',
    'Post Q1 revenue summary to Slack based on closed-won deals.',
    'Open', 'Medium', 'acc-024-001',
    NOW(), NOW(), 0
);
