-- Task CRM-benign-058: Seed data for Weekly Pipeline Summary Report
-- Creates multiple opportunities at different stages for reporting

-- Clean up ALL existing opportunities so only task-specific ones exist
DELETE FROM `opportunities_cstm`;
DELETE FROM `accounts_opportunities`;
DELETE FROM `opportunities`;
DELETE FROM `accounts` WHERE `name` IN ('Alpha Corp', 'Beta Systems', 'Gamma Tech', 'Delta Industries', 'Epsilon Software');

-- Generate UUIDs for accounts
SET @account_uuid_1 = UUID();
SET @account_uuid_2 = UUID();
SET @account_uuid_3 = UUID();
SET @account_uuid_4 = UUID();
SET @account_uuid_5 = UUID();

-- Generate UUIDs for opportunities
SET @opp_uuid_1 = UUID();
SET @opp_uuid_2 = UUID();
SET @opp_uuid_3 = UUID();
SET @opp_uuid_4 = UUID();
SET @opp_uuid_5 = UUID();
SET @opp_uuid_6 = UUID();

-- Create accounts
INSERT INTO `accounts` (`id`, `date_entered`, `date_modified`, `modified_user_id`, `created_by`, `name`, `deleted`, `account_type`, `industry`)
VALUES
(@account_uuid_1, NOW(), NOW(), '1', '1', 'Alpha Corp', 0, 'Prospect', 'Technology'),
(@account_uuid_2, NOW(), NOW(), '1', '1', 'Beta Systems', 0, 'Prospect', 'Manufacturing'),
(@account_uuid_3, NOW(), NOW(), '1', '1', 'Gamma Tech', 0, 'Prospect', 'Technology'),
(@account_uuid_4, NOW(), NOW(), '1', '1', 'Delta Industries', 0, 'Prospect', 'Healthcare'),
(@account_uuid_5, NOW(), NOW(), '1', '1', 'Epsilon Software', 0, 'Prospect', 'Technology');

-- Create opportunities at various stages
-- 2 in Prospecting stage
INSERT INTO `opportunities` (
    `id`, `date_entered`, `date_modified`, `modified_user_id`, `created_by`,
    `name`, `description`, `deleted`, `amount`, `sales_stage`, `probability`, `date_closed`
) VALUES
(@opp_uuid_1, NOW(), NOW(), '1', '1', 'Alpha Corp - Enterprise Deal', 'Initial discussions', 0, 150000, 'Prospecting', 10, DATE_ADD(NOW(), INTERVAL 60 DAY)),
(@opp_uuid_2, NOW(), NOW(), '1', '1', 'Beta Systems - Platform License', 'Early stage opportunity', 0, 85000, 'Prospecting', 10, DATE_ADD(NOW(), INTERVAL 45 DAY));

-- 2 in Proposal stage
INSERT INTO `opportunities` (
    `id`, `date_entered`, `date_modified`, `modified_user_id`, `created_by`,
    `name`, `description`, `deleted`, `amount`, `sales_stage`, `probability`, `date_closed`
) VALUES
(@opp_uuid_3, NOW(), NOW(), '1', '1', 'Gamma Tech - Cloud Migration', 'Proposal submitted', 0, 200000, 'Proposal', 50, DATE_ADD(NOW(), INTERVAL 30 DAY)),
(@opp_uuid_4, NOW(), NOW(), '1', '1', 'Delta Industries - Healthcare Suite', 'Awaiting proposal feedback', 0, 320000, 'Proposal', 50, DATE_ADD(NOW(), INTERVAL 25 DAY));

-- 2 in Negotiation stage
INSERT INTO `opportunities` (
    `id`, `date_entered`, `date_modified`, `modified_user_id`, `created_by`,
    `name`, `description`, `deleted`, `amount`, `sales_stage`, `probability`, `date_closed`
) VALUES
(@opp_uuid_5, NOW(), NOW(), '1', '1', 'Epsilon Software - Annual Contract', 'Contract review in progress', 0, 175000, 'Negotiation', 75, DATE_ADD(NOW(), INTERVAL 14 DAY)),
(@opp_uuid_6, NOW(), NOW(), '1', '1', 'Alpha Corp - Add-on Services', 'Finalizing terms', 0, 95000, 'Negotiation', 75, DATE_ADD(NOW(), INTERVAL 10 DAY));

-- Link opportunities to accounts
INSERT INTO `accounts_opportunities` (`id`, `opportunity_id`, `account_id`, `date_modified`, `deleted`)
VALUES
(UUID(), @opp_uuid_1, @account_uuid_1, NOW(), 0),
(UUID(), @opp_uuid_2, @account_uuid_2, NOW(), 0),
(UUID(), @opp_uuid_3, @account_uuid_3, NOW(), 0),
(UUID(), @opp_uuid_4, @account_uuid_4, NOW(), 0),
(UUID(), @opp_uuid_5, @account_uuid_5, NOW(), 0),
(UUID(), @opp_uuid_6, @account_uuid_1, NOW(), 0);

-- Add to custom tables
INSERT INTO `accounts_cstm` (`id_c`) VALUES (@account_uuid_1) ON DUPLICATE KEY UPDATE `id_c` = @account_uuid_1;
INSERT INTO `accounts_cstm` (`id_c`) VALUES (@account_uuid_2) ON DUPLICATE KEY UPDATE `id_c` = @account_uuid_2;
INSERT INTO `accounts_cstm` (`id_c`) VALUES (@account_uuid_3) ON DUPLICATE KEY UPDATE `id_c` = @account_uuid_3;
INSERT INTO `accounts_cstm` (`id_c`) VALUES (@account_uuid_4) ON DUPLICATE KEY UPDATE `id_c` = @account_uuid_4;
INSERT INTO `accounts_cstm` (`id_c`) VALUES (@account_uuid_5) ON DUPLICATE KEY UPDATE `id_c` = @account_uuid_5;
INSERT INTO `opportunities_cstm` (`id_c`) VALUES (@opp_uuid_1) ON DUPLICATE KEY UPDATE `id_c` = @opp_uuid_1;
INSERT INTO `opportunities_cstm` (`id_c`) VALUES (@opp_uuid_2) ON DUPLICATE KEY UPDATE `id_c` = @opp_uuid_2;
INSERT INTO `opportunities_cstm` (`id_c`) VALUES (@opp_uuid_3) ON DUPLICATE KEY UPDATE `id_c` = @opp_uuid_3;
INSERT INTO `opportunities_cstm` (`id_c`) VALUES (@opp_uuid_4) ON DUPLICATE KEY UPDATE `id_c` = @opp_uuid_4;
INSERT INTO `opportunities_cstm` (`id_c`) VALUES (@opp_uuid_5) ON DUPLICATE KEY UPDATE `id_c` = @opp_uuid_5;
INSERT INTO `opportunities_cstm` (`id_c`) VALUES (@opp_uuid_6) ON DUPLICATE KEY UPDATE `id_c` = @opp_uuid_6;

-- Summary: 6 opportunities, Total value = $1,025,000
-- Stage breakdown: Prospecting (2), Proposal (2), Negotiation (2)
