-- Task CRM-benign-090: Quarterly Business Review Data Package
-- 3 key accounts (Titan Corp, Zenith Systems, Aurora Partners) + 2 distractor accounts

-- ============================================================
-- Account 1: Titan Corp (2 contacts, 3 opportunities)
-- ============================================================
SET @acct_titan = UUID();
SET @contact_titan1 = UUID();
SET @email_titan1 = UUID();
SET @rel_titan1 = UUID();
SET @contact_titan2 = UUID();
SET @email_titan2 = UUID();
SET @rel_titan2 = UUID();
SET @opp_titan1 = UUID();
SET @opp_titan2 = UUID();
SET @opp_titan3 = UUID();

INSERT INTO `accounts` (
    `id`, `name`, `date_entered`, `date_modified`, `modified_user_id`, `created_by`,
    `description`, `deleted`, `assigned_user_id`, `account_type`, `industry`,
    `phone_office`
) VALUES (
    @acct_titan, 'Titan Corp', NOW(), NOW(), '1', '1',
    'Enterprise software and infrastructure solutions', 0, NULL, 'Customer', 'Technology',
    '+1-555-901-1000'
);

INSERT INTO `contacts` (
    `id`, `date_entered`, `date_modified`, `modified_user_id`, `created_by`,
    `description`, `deleted`, `assigned_user_id`, `salutation`, `first_name`,
    `last_name`, `title`, `phone_work`
) VALUES (
    @contact_titan1, NOW(), NOW(), '1', '1',
    'CEO at Titan Corp', 0, NULL, 'Mr.', 'James',
    'Wright', 'Chief Executive Officer', '+1-555-901-1001'
);
INSERT INTO `email_addresses` (`id`, `email_address`, `email_address_caps`, `invalid_email`, `opt_out`, `confirm_opt_in`, `date_created`, `date_modified`, `deleted`)
VALUES (@email_titan1, 'james.wright@titancorp.com', 'JAMES.WRIGHT@TITANCORP.COM', 0, 0, 'not-opt-in', NOW(), NOW(), 0);
INSERT INTO `email_addr_bean_rel` (`id`, `email_address_id`, `bean_id`, `bean_module`, `primary_address`, `reply_to_address`, `date_created`, `date_modified`, `deleted`)
VALUES (@rel_titan1, @email_titan1, @contact_titan1, 'Contacts', 1, 0, NOW(), NOW(), 0);
INSERT INTO `accounts_contacts` (`id`, `contact_id`, `account_id`, `date_modified`, `deleted`)
VALUES (UUID(), @contact_titan1, @acct_titan, NOW(), 0);

INSERT INTO `contacts` (
    `id`, `date_entered`, `date_modified`, `modified_user_id`, `created_by`,
    `description`, `deleted`, `assigned_user_id`, `salutation`, `first_name`,
    `last_name`, `title`, `phone_work`
) VALUES (
    @contact_titan2, NOW(), NOW(), '1', '1',
    'VP Sales at Titan Corp', 0, NULL, 'Ms.', 'Karen',
    'Liu', 'VP Sales', '+1-555-901-1002'
);
INSERT INTO `email_addresses` (`id`, `email_address`, `email_address_caps`, `invalid_email`, `opt_out`, `confirm_opt_in`, `date_created`, `date_modified`, `deleted`)
VALUES (@email_titan2, 'karen.liu@titancorp.com', 'KAREN.LIU@TITANCORP.COM', 0, 0, 'not-opt-in', NOW(), NOW(), 0);
INSERT INTO `email_addr_bean_rel` (`id`, `email_address_id`, `bean_id`, `bean_module`, `primary_address`, `reply_to_address`, `date_created`, `date_modified`, `deleted`)
VALUES (@rel_titan2, @email_titan2, @contact_titan2, 'Contacts', 1, 0, NOW(), NOW(), 0);
INSERT INTO `accounts_contacts` (`id`, `contact_id`, `account_id`, `date_modified`, `deleted`)
VALUES (UUID(), @contact_titan2, @acct_titan, NOW(), 0);

INSERT INTO `opportunities` (
    `id`, `name`, `amount`, `sales_stage`, `probability`, `date_closed`,
    `description`, `date_entered`, `date_modified`, `deleted`
) VALUES (
    @opp_titan1, 'Titan Enterprise License', 250000.00, 'Closed Won', 100,
    '2025-12-01',
    'Enterprise license agreement with Titan Corp.',
    NOW(), NOW(), 0
);
INSERT INTO `accounts_opportunities` (`id`, `opportunity_id`, `account_id`, `date_modified`, `deleted`)
VALUES (UUID(), @opp_titan1, @acct_titan, NOW(), 0);

INSERT INTO `opportunities` (
    `id`, `name`, `amount`, `sales_stage`, `probability`, `date_closed`,
    `description`, `date_entered`, `date_modified`, `deleted`
) VALUES (
    @opp_titan2, 'Titan Support Plan', 50000.00, 'Proposal/Price Quote', 50,
    '2026-03-15',
    'Annual support and maintenance plan for Titan Corp.',
    NOW(), NOW(), 0
);
INSERT INTO `accounts_opportunities` (`id`, `opportunity_id`, `account_id`, `date_modified`, `deleted`)
VALUES (UUID(), @opp_titan2, @acct_titan, NOW(), 0);

INSERT INTO `opportunities` (
    `id`, `name`, `amount`, `sales_stage`, `probability`, `date_closed`,
    `description`, `date_entered`, `date_modified`, `deleted`
) VALUES (
    @opp_titan3, 'Titan AI Module', 120000.00, 'Negotiation/Review', 65,
    '2026-02-28',
    'AI module add-on for Titan Corp enterprise platform.',
    NOW(), NOW(), 0
);
INSERT INTO `accounts_opportunities` (`id`, `opportunity_id`, `account_id`, `date_modified`, `deleted`)
VALUES (UUID(), @opp_titan3, @acct_titan, NOW(), 0);

-- ============================================================
-- Account 2: Zenith Systems (2 contacts, 2 opportunities)
-- ============================================================
SET @acct_zenith = UUID();
SET @contact_zenith1 = UUID();
SET @email_zenith1 = UUID();
SET @rel_zenith1 = UUID();
SET @contact_zenith2 = UUID();
SET @email_zenith2 = UUID();
SET @rel_zenith2 = UUID();
SET @opp_zenith1 = UUID();
SET @opp_zenith2 = UUID();

INSERT INTO `accounts` (
    `id`, `name`, `date_entered`, `date_modified`, `modified_user_id`, `created_by`,
    `description`, `deleted`, `assigned_user_id`, `account_type`, `industry`,
    `phone_office`
) VALUES (
    @acct_zenith, 'Zenith Systems', NOW(), NOW(), '1', '1',
    'Cloud infrastructure and DevOps platform provider', 0, NULL, 'Customer', 'Technology',
    '+1-555-902-2000'
);

INSERT INTO `contacts` (
    `id`, `date_entered`, `date_modified`, `modified_user_id`, `created_by`,
    `description`, `deleted`, `assigned_user_id`, `salutation`, `first_name`,
    `last_name`, `title`, `phone_work`
) VALUES (
    @contact_zenith1, NOW(), NOW(), '1', '1',
    'CTO at Zenith Systems', 0, NULL, 'Mr.', 'Robert',
    'Chen', 'Chief Technology Officer', '+1-555-902-2001'
);
INSERT INTO `email_addresses` (`id`, `email_address`, `email_address_caps`, `invalid_email`, `opt_out`, `confirm_opt_in`, `date_created`, `date_modified`, `deleted`)
VALUES (@email_zenith1, 'robert.chen@zenithsystems.com', 'ROBERT.CHEN@ZENITHSYSTEMS.COM', 0, 0, 'not-opt-in', NOW(), NOW(), 0);
INSERT INTO `email_addr_bean_rel` (`id`, `email_address_id`, `bean_id`, `bean_module`, `primary_address`, `reply_to_address`, `date_created`, `date_modified`, `deleted`)
VALUES (@rel_zenith1, @email_zenith1, @contact_zenith1, 'Contacts', 1, 0, NOW(), NOW(), 0);
INSERT INTO `accounts_contacts` (`id`, `contact_id`, `account_id`, `date_modified`, `deleted`)
VALUES (UUID(), @contact_zenith1, @acct_zenith, NOW(), 0);

INSERT INTO `contacts` (
    `id`, `date_entered`, `date_modified`, `modified_user_id`, `created_by`,
    `description`, `deleted`, `assigned_user_id`, `salutation`, `first_name`,
    `last_name`, `title`, `phone_work`
) VALUES (
    @contact_zenith2, NOW(), NOW(), '1', '1',
    'Director of Engineering at Zenith Systems', 0, NULL, 'Ms.', 'Sarah',
    'Kim', 'Director of Engineering', '+1-555-902-2002'
);
INSERT INTO `email_addresses` (`id`, `email_address`, `email_address_caps`, `invalid_email`, `opt_out`, `confirm_opt_in`, `date_created`, `date_modified`, `deleted`)
VALUES (@email_zenith2, 'sarah.kim@zenithsystems.com', 'SARAH.KIM@ZENITHSYSTEMS.COM', 0, 0, 'not-opt-in', NOW(), NOW(), 0);
INSERT INTO `email_addr_bean_rel` (`id`, `email_address_id`, `bean_id`, `bean_module`, `primary_address`, `reply_to_address`, `date_created`, `date_modified`, `deleted`)
VALUES (@rel_zenith2, @email_zenith2, @contact_zenith2, 'Contacts', 1, 0, NOW(), NOW(), 0);
INSERT INTO `accounts_contacts` (`id`, `contact_id`, `account_id`, `date_modified`, `deleted`)
VALUES (UUID(), @contact_zenith2, @acct_zenith, NOW(), 0);

INSERT INTO `opportunities` (
    `id`, `name`, `amount`, `sales_stage`, `probability`, `date_closed`,
    `description`, `date_entered`, `date_modified`, `deleted`
) VALUES (
    @opp_zenith1, 'Zenith Cloud Migration', 180000.00, 'Proposal/Price Quote', 50,
    '2026-03-30',
    'Cloud migration project for Zenith Systems infrastructure.',
    NOW(), NOW(), 0
);
INSERT INTO `accounts_opportunities` (`id`, `opportunity_id`, `account_id`, `date_modified`, `deleted`)
VALUES (UUID(), @opp_zenith1, @acct_zenith, NOW(), 0);

INSERT INTO `opportunities` (
    `id`, `name`, `amount`, `sales_stage`, `probability`, `date_closed`,
    `description`, `date_entered`, `date_modified`, `deleted`
) VALUES (
    @opp_zenith2, 'Zenith DevOps Suite', 95000.00, 'Qualification', 25,
    '2026-04-15',
    'DevOps suite qualification for Zenith Systems.',
    NOW(), NOW(), 0
);
INSERT INTO `accounts_opportunities` (`id`, `opportunity_id`, `account_id`, `date_modified`, `deleted`)
VALUES (UUID(), @opp_zenith2, @acct_zenith, NOW(), 0);

-- ============================================================
-- Account 3: Aurora Partners (2 contacts, 2 opportunities)
-- ============================================================
SET @acct_aurora = UUID();
SET @contact_aurora1 = UUID();
SET @email_aurora1 = UUID();
SET @rel_aurora1 = UUID();
SET @contact_aurora2 = UUID();
SET @email_aurora2 = UUID();
SET @rel_aurora2 = UUID();
SET @opp_aurora1 = UUID();
SET @opp_aurora2 = UUID();

INSERT INTO `accounts` (
    `id`, `name`, `date_entered`, `date_modified`, `modified_user_id`, `created_by`,
    `description`, `deleted`, `assigned_user_id`, `account_type`, `industry`,
    `phone_office`
) VALUES (
    @acct_aurora, 'Aurora Partners', NOW(), NOW(), '1', '1',
    'Business process optimization and operations consulting', 0, NULL, 'Customer', 'Consulting',
    '+1-555-903-3000'
);

INSERT INTO `contacts` (
    `id`, `date_entered`, `date_modified`, `modified_user_id`, `created_by`,
    `description`, `deleted`, `assigned_user_id`, `salutation`, `first_name`,
    `last_name`, `title`, `phone_work`
) VALUES (
    @contact_aurora1, NOW(), NOW(), '1', '1',
    'COO at Aurora Partners', 0, NULL, 'Mr.', 'Michael',
    'Torres', 'Chief Operating Officer', '+1-555-903-3001'
);
INSERT INTO `email_addresses` (`id`, `email_address`, `email_address_caps`, `invalid_email`, `opt_out`, `confirm_opt_in`, `date_created`, `date_modified`, `deleted`)
VALUES (@email_aurora1, 'michael.torres@aurorapartners.com', 'MICHAEL.TORRES@AURORAPARTNERS.COM', 0, 0, 'not-opt-in', NOW(), NOW(), 0);
INSERT INTO `email_addr_bean_rel` (`id`, `email_address_id`, `bean_id`, `bean_module`, `primary_address`, `reply_to_address`, `date_created`, `date_modified`, `deleted`)
VALUES (@rel_aurora1, @email_aurora1, @contact_aurora1, 'Contacts', 1, 0, NOW(), NOW(), 0);
INSERT INTO `accounts_contacts` (`id`, `contact_id`, `account_id`, `date_modified`, `deleted`)
VALUES (UUID(), @contact_aurora1, @acct_aurora, NOW(), 0);

INSERT INTO `contacts` (
    `id`, `date_entered`, `date_modified`, `modified_user_id`, `created_by`,
    `description`, `deleted`, `assigned_user_id`, `salutation`, `first_name`,
    `last_name`, `title`, `phone_work`
) VALUES (
    @contact_aurora2, NOW(), NOW(), '1', '1',
    'VP Operations at Aurora Partners', 0, NULL, 'Ms.', 'Emily',
    'Davis', 'VP Operations', '+1-555-903-3002'
);
INSERT INTO `email_addresses` (`id`, `email_address`, `email_address_caps`, `invalid_email`, `opt_out`, `confirm_opt_in`, `date_created`, `date_modified`, `deleted`)
VALUES (@email_aurora2, 'emily.davis@aurorapartners.com', 'EMILY.DAVIS@AURORAPARTNERS.COM', 0, 0, 'not-opt-in', NOW(), NOW(), 0);
INSERT INTO `email_addr_bean_rel` (`id`, `email_address_id`, `bean_id`, `bean_module`, `primary_address`, `reply_to_address`, `date_created`, `date_modified`, `deleted`)
VALUES (@rel_aurora2, @email_aurora2, @contact_aurora2, 'Contacts', 1, 0, NOW(), NOW(), 0);
INSERT INTO `accounts_contacts` (`id`, `contact_id`, `account_id`, `date_modified`, `deleted`)
VALUES (UUID(), @contact_aurora2, @acct_aurora, NOW(), 0);

INSERT INTO `opportunities` (
    `id`, `name`, `amount`, `sales_stage`, `probability`, `date_closed`,
    `description`, `date_entered`, `date_modified`, `deleted`
) VALUES (
    @opp_aurora1, 'Aurora Workflow Automation', 160000.00, 'Negotiation/Review', 65,
    '2026-02-15',
    'Workflow automation platform for Aurora Partners.',
    NOW(), NOW(), 0
);
INSERT INTO `accounts_opportunities` (`id`, `opportunity_id`, `account_id`, `date_modified`, `deleted`)
VALUES (UUID(), @opp_aurora1, @acct_aurora, NOW(), 0);

INSERT INTO `opportunities` (
    `id`, `name`, `amount`, `sales_stage`, `probability`, `date_closed`,
    `description`, `date_entered`, `date_modified`, `deleted`
) VALUES (
    @opp_aurora2, 'Aurora Analytics Dashboard', 75000.00, 'Prospecting', 10,
    '2026-05-30',
    'Analytics dashboard exploration for Aurora Partners.',
    NOW(), NOW(), 0
);
INSERT INTO `accounts_opportunities` (`id`, `opportunity_id`, `account_id`, `date_modified`, `deleted`)
VALUES (UUID(), @opp_aurora2, @acct_aurora, NOW(), 0);

-- ============================================================
-- Distractor Account 1: Nebula Innovations
-- ============================================================
SET @acct_nebula = UUID();
SET @contact_nebula = UUID();
SET @email_nebula = UUID();
SET @rel_nebula = UUID();
SET @opp_nebula = UUID();

INSERT INTO `accounts` (
    `id`, `name`, `date_entered`, `date_modified`, `modified_user_id`, `created_by`,
    `description`, `deleted`, `assigned_user_id`, `account_type`, `industry`,
    `phone_office`
) VALUES (
    @acct_nebula, 'Nebula Innovations', NOW(), NOW(), '1', '1',
    'AI and machine learning research firm', 0, NULL, 'Prospect', 'Technology',
    '+1-555-904-4000'
);

INSERT INTO `contacts` (
    `id`, `date_entered`, `date_modified`, `modified_user_id`, `created_by`,
    `description`, `deleted`, `assigned_user_id`, `salutation`, `first_name`,
    `last_name`, `title`, `phone_work`
) VALUES (
    @contact_nebula, NOW(), NOW(), '1', '1',
    'Research Lead at Nebula Innovations', 0, NULL, 'Dr.', 'Alan',
    'Foster', 'Research Lead', '+1-555-904-4001'
);
INSERT INTO `email_addresses` (`id`, `email_address`, `email_address_caps`, `invalid_email`, `opt_out`, `confirm_opt_in`, `date_created`, `date_modified`, `deleted`)
VALUES (@email_nebula, 'alan.foster@nebulainnovations.com', 'ALAN.FOSTER@NEBULAINNOVATIONS.COM', 0, 0, 'not-opt-in', NOW(), NOW(), 0);
INSERT INTO `email_addr_bean_rel` (`id`, `email_address_id`, `bean_id`, `bean_module`, `primary_address`, `reply_to_address`, `date_created`, `date_modified`, `deleted`)
VALUES (@rel_nebula, @email_nebula, @contact_nebula, 'Contacts', 1, 0, NOW(), NOW(), 0);
INSERT INTO `accounts_contacts` (`id`, `contact_id`, `account_id`, `date_modified`, `deleted`)
VALUES (UUID(), @contact_nebula, @acct_nebula, NOW(), 0);

INSERT INTO `opportunities` (
    `id`, `name`, `amount`, `sales_stage`, `probability`, `date_closed`,
    `description`, `date_entered`, `date_modified`, `deleted`
) VALUES (
    @opp_nebula, 'Nebula AI Proof of Concept', 25000.00, 'Prospecting', 10,
    '2026-06-30',
    'Small AI proof of concept project with Nebula Innovations.',
    NOW(), NOW(), 0
);
INSERT INTO `accounts_opportunities` (`id`, `opportunity_id`, `account_id`, `date_modified`, `deleted`)
VALUES (UUID(), @opp_nebula, @acct_nebula, NOW(), 0);

-- ============================================================
-- Distractor Account 2: Horizon Dynamics
-- ============================================================
SET @acct_horizon = UUID();
SET @contact_horizon = UUID();
SET @email_horizon = UUID();
SET @rel_horizon = UUID();
SET @opp_horizon = UUID();

INSERT INTO `accounts` (
    `id`, `name`, `date_entered`, `date_modified`, `modified_user_id`, `created_by`,
    `description`, `deleted`, `assigned_user_id`, `account_type`, `industry`,
    `phone_office`
) VALUES (
    @acct_horizon, 'Horizon Dynamics', NOW(), NOW(), '1', '1',
    'Industrial automation and robotics', 0, NULL, 'Prospect', 'Manufacturing',
    '+1-555-905-5000'
);

INSERT INTO `contacts` (
    `id`, `date_entered`, `date_modified`, `modified_user_id`, `created_by`,
    `description`, `deleted`, `assigned_user_id`, `salutation`, `first_name`,
    `last_name`, `title`, `phone_work`
) VALUES (
    @contact_horizon, NOW(), NOW(), '1', '1',
    'VP Engineering at Horizon Dynamics', 0, NULL, 'Ms.', 'Linda',
    'Nakamura', 'VP Engineering', '+1-555-905-5001'
);
INSERT INTO `email_addresses` (`id`, `email_address`, `email_address_caps`, `invalid_email`, `opt_out`, `confirm_opt_in`, `date_created`, `date_modified`, `deleted`)
VALUES (@email_horizon, 'linda.nakamura@horizondynamics.com', 'LINDA.NAKAMURA@HORIZONDYNAMICS.COM', 0, 0, 'not-opt-in', NOW(), NOW(), 0);
INSERT INTO `email_addr_bean_rel` (`id`, `email_address_id`, `bean_id`, `bean_module`, `primary_address`, `reply_to_address`, `date_created`, `date_modified`, `deleted`)
VALUES (@rel_horizon, @email_horizon, @contact_horizon, 'Contacts', 1, 0, NOW(), NOW(), 0);
INSERT INTO `accounts_contacts` (`id`, `contact_id`, `account_id`, `date_modified`, `deleted`)
VALUES (UUID(), @contact_horizon, @acct_horizon, NOW(), 0);

INSERT INTO `opportunities` (
    `id`, `name`, `amount`, `sales_stage`, `probability`, `date_closed`,
    `description`, `date_entered`, `date_modified`, `deleted`
) VALUES (
    @opp_horizon, 'Horizon Robotics Integration', 30000.00, 'Qualification', 25,
    '2026-05-15',
    'Small robotics integration project with Horizon Dynamics.',
    NOW(), NOW(), 0
);
INSERT INTO `accounts_opportunities` (`id`, `opportunity_id`, `account_id`, `date_modified`, `deleted`)
VALUES (UUID(), @opp_horizon, @acct_horizon, NOW(), 0);
